Time	f(sum(transaction_count)/number(86400)) – Ethereum
18.06.2023	4.558645833333333
19.06.2023	12.110532407407407
20.06.2023	12.41105324074074
21.06.2023	12.635578703703704
22.06.2023	12.179780092592592
23.06.2023	12.21037037037037
24.06.2023	11.626886574074074
25.06.2023	10.822349537037036
26.06.2023	11.540983796296297
27.06.2023	12.355416666666667
28.06.2023	12.669270833333334
29.06.2023	12.320625
30.06.2023	13.071064814814815
01.07.2023	11.760694444444445
02.07.2023	10.718414351851852
03.07.2023	12.289351851851851
04.07.2023	10.792430555555555
05.07.2023	8.80886574074074
06.07.2023	10.58824074074074
07.07.2023	12.023842592592592
08.07.2023	11.739039351851853
09.07.2023	11.050590277777777
10.07.2023	12.254826388888889
11.07.2023	12.640729166666667
12.07.2023	12.056064814814814
13.07.2023	12.982141203703703
14.07.2023	12.860451388888889
15.07.2023	11.00954861111111
16.07.2023	10.962233796296296
17.07.2023	11.99931712962963
18.07.2023	13.613506944444444
19.07.2023	12.661458333333334
20.07.2023	12.149930555555555
21.07.2023	12.859224537037036
22.07.2023	11.624699074074075
23.07.2023	11.312824074074074
24.07.2023	11.994212962962964
25.07.2023	11.462662037037036
26.07.2023	11.918449074074074
27.07.2023	11.563171296296296
28.07.2023	11.74306712962963
29.07.2023	11.471770833333334
30.07.2023	11.36212962962963
31.07.2023	12.134965277777777
01.08.2023	12.362361111111111
02.08.2023	12.061909722222222
03.08.2023	12.14744212962963
04.08.2023	12.446284722222222
05.08.2023	13.013564814814815
06.08.2023	11.429467592592593
07.08.2023	12.121944444444445
08.08.2023	12.71630787037037
09.08.2023	12.460590277777778
10.08.2023	12.010798611111111
11.08.2023	12.155127314814814
12.08.2023	11.259710648148149
13.08.2023	10.657430555555555
14.08.2023	11.689479166666667
15.08.2023	12.226793981481482
16.08.2023	12.455231481481482
17.08.2023	12.3365625
18.08.2023	12.516400462962963
19.08.2023	12.054212962962962
20.08.2023	10.919444444444444
21.08.2023	11.698125
22.08.2023	12.046689814814815
23.08.2023	12.097453703703703
24.08.2023	12.213368055555556
25.08.2023	11.872013888888889
26.08.2023	11.467523148148148
27.08.2023	10.498958333333333
28.08.2023	11.525960648148148
29.08.2023	11.801990740740742
30.08.2023	11.890231481481482
31.08.2023	11.691296296296295
01.09.2023	11.650868055555556
02.09.2023	11.853842592592592
03.09.2023	12.01537037037037
04.09.2023	11.02361111111111
05.09.2023	11.50519675925926
06.09.2023	12.25625
07.09.2023	11.771863425925925
08.09.2023	11.739548611111111
09.09.2023	10.756944444444445
10.09.2023	10.02949074074074
11.09.2023	11.824259259259259
12.09.2023	12.649976851851852
13.09.2023	18.840972222222224
14.09.2023	12.402662037037038
15.09.2023	11.605428240740741
16.09.2023	10.675625
17.09.2023	10.180833333333334
18.09.2023	11.337627314814815
19.09.2023	11.607766203703704
20.09.2023	11.720636574074074
21.09.2023	13.091655092592593
22.09.2023	11.284618055555555
23.09.2023	9.994247685185185
24.09.2023	10.228541666666667
25.09.2023	11.468425925925926
26.09.2023	12.051180555555556
27.09.2023	12.232199074074074
28.09.2023	11.927523148148149
29.09.2023	11.859699074074074
30.09.2023	11.316793981481482
01.10.2023	10.679328703703703
02.10.2023	11.769039351851852
03.10.2023	11.602488425925927
04.10.2023	11.384236111111111
05.10.2023	11.062453703703703
06.10.2023	11.499351851851852
07.10.2023	11.537118055555556
08.10.2023	10.699108796296295
09.10.2023	11.499756944444444
10.10.2023	11.642939814814815
11.10.2023	11.641527777777778
12.10.2023	11.621168981481482
13.10.2023	11.658460648148148
14.10.2023	10.40019675925926
15.10.2023	10.662395833333333
16.10.2023	11.897037037037038
17.10.2023	11.601724537037038
18.10.2023	11.697708333333333
19.10.2023	11.550127314814814
20.10.2023	12.591678240740741
21.10.2023	11.42824074074074
22.10.2023	11.349791666666667
23.10.2023	12.30988425925926
24.10.2023	12.71207175925926
25.10.2023	12.513402777777777
26.10.2023	12.636331018518518
27.10.2023	11.975104166666666
28.10.2023	11.47355324074074
29.10.2023	12.402268518518518
30.10.2023	12.670289351851851
31.10.2023	12.611180555555556
01.11.2023	12.748923611111111
02.11.2023	12.098854166666667
03.11.2023	12.785578703703704
04.11.2023	11.734745370370371
05.11.2023	11.972905092592592
06.11.2023	12.753668981481482
07.11.2023	12.22193287037037
08.11.2023	12.34113425925926
09.11.2023	13.023136574074075
10.11.2023	13.266099537037038
11.11.2023	12.82042824074074
12.11.2023	12.285810185185186
13.11.2023	12.595810185185185
14.11.2023	12.152777777777779
15.11.2023	12.446597222222222
16.11.2023	12.650520833333333
17.11.2023	12.554155092592593
18.11.2023	13.13210648148148
19.11.2023	11.38263888888889
20.11.2023	13.332696759259258
21.11.2023	13.072858796296297
22.11.2023	13.217627314814814
23.11.2023	13.001608796296296
24.11.2023	12.365856481481481
25.11.2023	11.407546296296296
26.11.2023	11.453854166666666
27.11.2023	12.468912037037038
28.11.2023	13.36824074074074
29.11.2023	13.33130787037037
30.11.2023	12.9596875
01.12.2023	12.957256944444444
02.12.2023	14.00619212962963
03.12.2023	11.932743055555555
04.12.2023	13.410069444444444
05.12.2023	13.856087962962963
06.12.2023	13.043819444444445
07.12.2023	13.420439814814815
08.12.2023	13.6859375
09.12.2023	12.969386574074074
10.12.2023	13.068240740740741
11.12.2023	12.588680555555555
12.12.2023	12.461423611111112
13.12.2023	12.517523148148149
14.12.2023	13.394398148148149
15.12.2023	13.451643518518518
16.12.2023	12.233344907407407
17.12.2023	12.520625
18.12.2023	13.170949074074073
19.12.2023	13.34650462962963
20.12.2023	14.427442129629629
21.12.2023	14.375034722222223
22.12.2023	13.955
23.12.2023	12.987569444444444
24.12.2023	13.19920138888889
25.12.2023	12.762662037037037
26.12.2023	12.923854166666667
27.12.2023	13.167650462962962
28.12.2023	13.721157407407407
29.12.2023	12.852650462962963
30.12.2023	12.626076388888889
31.12.2023	12.291157407407407
01.01.2024	12.7484375
02.01.2024	13.063159722222222
03.01.2024	12.641435185185186
04.01.2024	12.923298611111111
05.01.2024	12.377152777777777
06.01.2024	11.515590277777777
07.01.2024	12.150821759259259
08.01.2024	12.425173611111111
09.01.2024	12.490127314814815
10.01.2024	14.434097222222222
11.01.2024	13.995902777777777
12.01.2024	14.00318287037037
13.01.2024	14.03011574074074
14.01.2024	22.698425925925925
15.01.2024	13.358009259259259
16.01.2024	14.69650462962963
17.01.2024	13.66931712962963
18.01.2024	13.939884259259259
19.01.2024	13.587199074074075
20.01.2024	12.296296296296296
21.01.2024	12.954375
22.01.2024	12.458981481481482
23.01.2024	12.541863425925927
24.01.2024	12.501493055555555
25.01.2024	13.584618055555556
26.01.2024	13.568900462962963
27.01.2024	13.283981481481481
28.01.2024	13.057997685185185
29.01.2024	12.913310185185185
30.01.2024	13.779085648148149
31.01.2024	13.166909722222222
01.02.2024	13.047893518518519
02.02.2024	12.826064814814815
03.02.2024	12.211261574074074
04.02.2024	12.148715277777777
05.02.2024	12.96570601851852
06.02.2024	12.509791666666667
07.02.2024	13.229375
08.02.2024	12.177870370370371
09.02.2024	12.445277777777777
10.02.2024	11.702256944444445
11.02.2024	11.889756944444445
12.02.2024	11.394340277777777
13.02.2024	12.760555555555555
14.02.2024	13.085289351851852
15.02.2024	13.358877314814816
16.02.2024	13.647337962962963
17.02.2024	12.482766203703704
18.02.2024	12.651296296296296
19.02.2024	13.279976851851853
20.02.2024	13.307361111111112
21.02.2024	12.735648148148147
22.02.2024	12.532662037037037
23.02.2024	13.42738425925926
24.02.2024	12.748888888888889
25.02.2024	12.756967592592593
26.02.2024	13.74375
27.02.2024	14.116516203703704
28.02.2024	14.20138888888889
29.02.2024	14.315416666666666
01.03.2024	13.956539351851852
02.03.2024	14.011319444444444
03.03.2024	13.692349537037037
04.03.2024	14.666666666666666
05.03.2024	15.089398148148149
06.03.2024	14.108703703703704
07.03.2024	14.222407407407408
08.03.2024	14.030717592592593
09.03.2024	13.42806712962963
10.03.2024	13.396296296296295
11.03.2024	14.419837962962964
12.03.2024	14.267581018518518
13.03.2024	14.782650462962962
14.03.2024	15.05644675925926
15.03.2024	15.18636574074074
16.03.2024	14.763310185185185
17.03.2024	13.935405092592593
18.03.2024	14.830868055555555
19.03.2024	15.947025462962962
20.03.2024	15.870763888888888
21.03.2024	15.413530092592593
22.03.2024	15.33005787037037
23.03.2024	15.018622685185186
24.03.2024	14.244884259259258
25.03.2024	14.810844907407407
26.03.2024	15.220856481481482
27.03.2024	14.725381944444445
28.03.2024	14.89673611111111
29.03.2024	15.099085648148149
30.03.2024	14.34954861111111
31.03.2024	14.41519675925926
01.04.2024	14.417997685185185
02.04.2024	14.346956018518519
03.04.2024	14.023148148148149
04.04.2024	14.293425925925925
05.04.2024	14.37701388888889
06.04.2024	13.90650462962963
07.04.2024	13.63238425925926
08.04.2024	14.134664351851852
09.04.2024	14.197743055555556
10.04.2024	13.982268518518518
11.04.2024	14.04712962962963
12.04.2024	15.301527777777778
13.04.2024	13.45400462962963
14.04.2024	13.114166666666666
15.04.2024	13.748912037037037
16.04.2024	13.639479166666666
17.04.2024	14.420925925925927
18.04.2024	14.299583333333333
19.04.2024	13.682465277777778
20.04.2024	13.339583333333334
21.04.2024	13.12412037037037
22.04.2024	13.6371875
23.04.2024	13.881539351851853
24.04.2024	13.558263888888888
25.04.2024	13.733090277777778
26.04.2024	13.6275
27.04.2024	12.776828703703703
28.04.2024	13.2053125
29.04.2024	14.174502314814815
30.04.2024	14.611875
01.05.2024	13.965578703703704
02.05.2024	14.163148148148148
03.05.2024	13.826481481481482
04.05.2024	13.461493055555556
05.05.2024	13.262858796296296
06.05.2024	13.775833333333333
07.05.2024	14.258460648148148
08.05.2024	13.416909722222222
09.05.2024	13.039918981481481
10.05.2024	13.362673611111111
11.05.2024	12.889872685185185
12.05.2024	12.215613425925927
13.05.2024	13.462060185185186
14.05.2024	13.686585648148148
15.05.2024	13.85494212962963
16.05.2024	14.107800925925925
17.05.2024	12.877199074074074
18.05.2024	12.526712962962963
19.05.2024	11.829664351851852
20.05.2024	13.010196759259259
21.05.2024	13.873796296296296
22.05.2024	13.757777777777777
23.05.2024	13.383148148148148
24.05.2024	13.473391203703704
25.05.2024	13.391585648148148
26.05.2024	13.183020833333334
27.05.2024	13.421481481481482
28.05.2024	12.792997685185185
29.05.2024	13.573738425925926
30.05.2024	13.309537037037037
31.05.2024	13.60412037037037
01.06.2024	12.95920138888889
02.06.2024	12.464976851851851
03.06.2024	13.342430555555556
04.06.2024	13.47662037037037
05.06.2024	13.639780092592593
06.06.2024	13.364814814814816
07.06.2024	13.706388888888888
08.06.2024	13.383159722222222
09.06.2024	13.222210648148149
10.06.2024	13.659351851851852
11.06.2024	13.623460648148148
12.06.2024	14.169074074074073
13.06.2024	14.248113425925926
14.06.2024	13.704525462962962
15.06.2024	13.161087962962963
16.06.2024	12.99875
17.06.2024	13.231226851851853
18.06.2024	8.110138888888889
